{
    "$schema": "https://json-schema.org/draft/2020-12/schema",
    "$id": "https://dcp-schema.org/component",
    "title": "DCP Component",
    "type": "object",
    "required": ["name", "props", "tokensUsed", "version"],
    "properties": {
      "name": { "type": "string" },
      "description": { "type": "string" },
      "category": { "type": "string" },
      "tags": {
        "type": "array",
        "items": { "type": "string" }
      },
      "props": {
        "type": "object",
        "patternProperties": {
          "^[a-zA-Z_][a-zA-Z0-9_]*$": {
            "type": "object",
            "required": ["type"],
            "properties": {
              "type": { "type": "string" },
              "options": {
                "type": "array",
                "items": { "type": ["string", "number"] }
              },
              "default": { "type": ["string", "number", "boolean", "null"] },
              "description": { "type": "string" },
              "required": { "type": "boolean" },
              "source": { "type": "string" }
            },
            "additionalProperties": false
          }
        }
      },
      "states": {
        "type": "array",
        "items": { "type": "string" }
      },
      "tokensUsed": {
        "type": "object",
        "additionalProperties": { "type": "string" }
      },
      "accessibility": {
        "type": "object",
        "properties": {
          "ariaRoles": {
            "type": "array",
            "items": { "type": "string" }
          },
          "keyboardSupport": { "type": "boolean" },
          "focusVisible": { "type": "boolean" },
          "colorContrastCompliant": { "type": "boolean" },
          "a11yNotes": { "type": "string" }
        },
        "additionalProperties": false
      },
      "documentation": {
        "type": "object",
        "properties": {
          "docFile": { "type": "string" },
          "usageGuidelines": { "type": "string" },
          "a11yNotes": { "type": "string" }
        },
        "additionalProperties": false
      },
      "examples": {
        "type": "array",
        "items": {
          "type": "object",
          "required": ["label", "code"],
          "properties": {
            "label": { "type": "string" },
            "code": { "type": "string" }
          }
        }
      },
      "version": {
        "type": "string",
        "pattern": "^\\d+\\.\\d+\\.\\d+$"
      },
      "extensions": {
        "type": "object",
        "description": "Custom metadata fields",
        "additionalProperties": true
      }
    },
    "additionalProperties": false
  }
  